Date,Open,High,Low,Close,Volume,Dividends,Stock Splits
2021-01-04,118.684,118.684,114.53,114.7,1858100,0.0,0.0
2021-01-05,114.818,115.539,112.657,112.724,1614000,0.0,0.0
2021-01-06,112.021,112.606,110.266,112.004,1823800,0.0,0.0
2021-01-07,111.826,113.742,111.571,113.275,2187100,0.0,0.0
2021-01-08,113.191,114.369,111.919,113.267,2341500,0.0,0.0
2021-01-11,112.911,113.072,109.85,111.292,1917500,0.0,0.0
2021-01-12,111.054,111.843,110.257,111.495,1748700,0.0,0.0
2021-01-13,111.699,113.267,111.699,112.885,1272800,0.0,0.0
2021-01-14,112.707,113.784,111.597,113.14,1442200,0.0,0.0
2021-01-15,112.843,115.853,112.504,115.709,1762600,0.0,0.0
2021-01-19,118.015,118.066,116.217,116.989,1622100,0.0,0.0
2021-01-20,116.989,119.897,116.268,119.303,1814000,0.0,0.0
2021-01-21,118.701,119.999,117.964,119.727,1459500,0.0,0.0
2021-01-22,119.261,120.422,118.82,119.083,1109700,0.0,0.0
2021-01-25,119.575,121.872,119.21,120.923,1651800,0.0,0.0
2021-01-26,120.634,123.78,120.27,123.653,1167100,0.0,0.0
2021-01-27,123.237,126.908,122.084,126.467,2866100,0.0,0.0
2021-01-28,124.729,126.399,122.678,122.822,3027600,0.0,0.0
2021-01-29,121.94,124.95,120.261,122.042,3433600,0.0,0.0
2021-02-01,122.423,125.687,121.567,125.653,1954200,0.0,0.0
2021-02-02,126.323,127.536,125.391,125.993,1231100,0.0,0.0
2021-02-03,125.781,125.781,123.771,124.899,1283000,0.0,0.0
2021-02-04,124.746,124.916,121.118,122.974,2725400,0.0,0.0
2021-02-05,122.974,124.628,122.635,123.407,1478600,0.0,0.0
2021-02-08,122.949,124.339,122.262,124.093,1025400,0.0,0.0
2021-02-09,124.093,125.772,123.619,125.679,1220800,0.0,0.0
2021-02-10,126.747,127.137,123.831,125.077,801900,0.0,0.0
2021-02-11,124.789,126.111,122.033,122.779,1521700,0.0,0.0
2021-02-12,122.084,122.932,117.294,118.744,1957100,0.0,0.0
2021-02-16,119.397,119.422,115.132,116.319,2529600,0.0,0.0
2021-02-17,116.082,117.557,115.921,117.235,1203100,0.0,0.0
2021-02-18,116.709,117.845,116.26,116.946,1011900,0.0,0.0
2021-02-19,117.048,118.235,115.649,115.683,1446600,0.0,0.0
2021-02-22,114.92,117.048,114.03,116.658,1647200,0.0,0.0
2021-02-23,117.303,117.718,115.166,116.404,1776700,0.0,0.0
2021-02-24,115.921,116.692,114.2,114.581,1243500,0.0,0.0
2021-02-25,114.454,116.328,112.902,113.92,1386600,0.0,0.0
2021-02-26,114.395,116.997,114.038,114.225,2722100,0.0,0.0
2021-03-01,114.954,116.167,112.165,112.724,1930900,0.0,0.0
2021-03-02,112.657,113.445,110.113,111.164,1761900,0.0,0.0
2021-03-03,110.639,111.063,106.078,106.535,2075700,0.0,0.0
2021-03-04,106.951,111.097,105.679,109.367,2959700,0.0,0.0
2021-03-05,109.367,112.411,107.103,111.911,2783300,0.0,0.0
2021-03-08,111.885,114.454,110.24,112.063,2053600,0.0,0.0
2021-03-09,113.216,116.531,112.97,114.522,1728900,0.0,0.0
2021-03-10,114.98,115.963,113.844,114.751,1811900,0.0,0.0
2021-03-11,115.005,116.345,113.937,114.327,1648800,0.0,0.0
2021-03-12,112.539,114.865,111.359,114.754,2864000,1.16,0.0
2021-03-15,115.088,116.003,114.669,115.507,2388700,0.0,0.0
2021-03-16,115.875,116.653,115.541,116.029,1737300,0.0,0.0
2021-03-17,115.661,116.071,114.618,115.173,1782900,0.0,0.0
2021-03-18,114.318,115.498,113.104,114.729,1174300,0.0,0.0
2021-03-19,114.729,117.662,114.079,114.173,2355000,0.0,0.0
2021-03-22,114.455,116.995,114.173,116.773,1422300,0.0,0.0
2021-03-23,117.268,119.894,116.798,119.723,1629100,0.0,0.0
2021-03-24,119.03,120.655,118.107,119.8,2166100,0.0,0.0
2021-03-25,119.783,120.347,117.816,118.32,1763100,0.0,0.0
2021-03-26,118.243,122.374,117.705,122.211,1867300,0.0,0.0
2021-03-29,122.246,124.041,120.638,123.614,1270500,0.0,0.0
2021-03-30,122.861,123.246,120.373,120.783,1322800,0.0,0.0
2021-03-31,120.296,121.75,118.611,120.441,1600700,0.0,0.0
2021-04-01,121.142,122.605,120.193,122.502,1334100,0.0,0.0
2021-04-05,122.75,124.743,122.049,124.657,1268000,0.0,0.0
2021-04-06,124.349,124.554,122.348,123.716,1266600,0.0,0.0
2021-04-07,124.221,124.298,121.878,122.203,1726700,0.0,0.0
2021-04-08,123.186,124.691,121.142,121.331,1510700,0.0,0.0
2021-04-09,121.433,121.476,119.997,120.8,1385000,0.0,0.0
2021-04-12,120.997,122.861,119.971,122.733,974400,0.0,0.0
2021-04-13,122.801,125.247,122.579,125.016,1288800,0.0,0.0
2021-04-14,124.64,125.102,122.647,122.819,725000,0.0,0.0
2021-04-15,123.554,126.051,123.494,125.914,965800,0.0,0.0
2021-04-16,126.188,126.376,124.435,124.82,1292200,0.0,0.0
2021-04-19,125.025,126.547,124.341,126.359,774500,0.0,0.0
2021-04-20,126.573,129.797,126.573,129.078,1382100,0.0,0.0
2021-04-21,129.925,130.241,128.531,128.976,1434100,0.0,0.0
2021-04-22,128.54,128.839,127.394,127.462,1066500,0.0,0.0
2021-04-23,127.317,128.121,126.325,127.453,697400,0.0,0.0
2021-04-26,127.855,127.855,126.342,126.761,1345800,0.0,0.0
2021-04-27,127.334,127.334,125.444,126.504,1082500,0.0,0.0
2021-04-28,126.898,126.992,125.358,125.854,1151600,0.0,0.0
2021-04-29,126.162,127.453,124.23,127.453,1656100,0.0,0.0
2021-04-30,128.274,132.174,127.984,131.96,2837200,0.0,0.0
2021-05-03,131.199,131.498,128.762,129.703,1607800,0.0,0.0
2021-05-04,129.685,131.806,129.591,130.848,1553100,0.0,0.0
2021-05-05,130.173,130.498,127.975,128.411,1453600,0.0,0.0
2021-05-06,128.274,129.053,126.735,127.873,1129600,0.0,0.0
2021-05-07,128.317,129.472,127.291,129.284,1312400,0.0,0.0
2021-05-10,129.882,130.421,128.907,129.155,954300,0.0,0.0
2021-05-11,128.736,128.736,126.385,127.12,1118300,0.0,0.0
2021-05-12,126.607,127.402,125.119,125.812,1094600,0.0,0.0
2021-05-13,125.923,128.266,124.956,127.368,1847400,0.0,0.0
2021-05-14,127.684,128.197,126.633,127.317,555700,0.0,0.0
2021-05-17,127.436,128.685,126.658,126.752,791400,0.0,0.0
2021-05-18,126.308,128.736,125.504,128.198,907300,0.0,0.0
2021-05-19,128.309,129.266,126.744,128.283,763700,0.0,0.0
2021-05-20,128.411,130.96,127.967,129.343,822700,0.0,0.0
2021-05-21,128.565,129.891,128.488,129.044,644400,0.0,0.0
2021-05-24,129.643,130.181,128.753,129.318,913200,0.0,0.0
2021-05-25,129.318,130.601,128.274,130.361,775800,0.0,0.0
2021-05-26,130.643,131.156,128.907,129.095,887000,0.0,0.0
2021-05-27,129.095,129.848,127.915,128.42,979200,0.0,0.0
2021-05-28,129.412,130.592,128.42,129.609,800600,0.0,0.0
2021-06-01,130.139,130.985,129.608,130.968,815700,0.0,0.0
2021-06-02,131.362,132.388,130.6,132.345,1536200,0.0,0.0
2021-06-03,132.55,133.517,131.379,132.918,1683400,0.0,0.0
2021-06-04,133.576,133.901,132.55,132.704,1030100,0.0,0.0
2021-06-07,133.457,136.056,132.978,135.543,1543600,0.0,0.0
2021-06-08,135.954,137.57,135.458,136.843,1680100,0.0,0.0
2021-06-09,137.887,138.656,136.989,137.579,1424200,0.0,0.0
2021-06-10,136.989,140.281,136.056,140.195,1123900,0.0,0.0
2021-06-11,139.443,139.819,138.058,138.707,1185500,0.0,0.0
2021-06-14,138.794,139.879,138.13,139.819,1062100,1.16,0.0
2021-06-15,139.577,139.913,137.183,137.269,1034800,0.0,0.0
2021-06-16,138.044,139.483,135.615,135.719,2547000,0.0,0.0
2021-06-17,135.228,135.882,133.514,134.961,2104600,0.0,0.0
2021-06-18,135.081,135.684,132.704,132.816,4174800,0.0,0.0
2021-06-21,133.135,134.616,131.869,134.091,1593700,0.0,0.0
2021-06-22,133.996,134.9,133.41,133.41,1185000,0.0,0.0
2021-06-23,133.014,133.1,129.164,130.878,1944100,0.0,0.0
2021-06-24,130.878,131.722,128.94,129.224,1543900,0.0,0.0
2021-06-25,129.353,131.3,128.949,131.102,1041000,0.0,0.0
2021-06-28,131.515,132.144,130.766,131.515,1066500,0.0,0.0
2021-06-29,131.145,132.549,130.68,131.274,929200,0.0,0.0
2021-06-30,131.214,132.282,129.422,129.595,1333500,0.0,0.0
2021-07-01,129.698,130.542,128.974,129.061,1556900,0.0,0.0
2021-07-02,129.526,130.594,128.906,129.431,1187100,0.0,0.0
2021-07-06,129.431,131.369,129.095,131.197,1398100,0.0,0.0
2021-07-07,131.429,133.186,130.18,132.549,1648100,0.0,0.0
2021-07-08,132.394,133.858,132.049,133.143,1072800,0.0,0.0
2021-07-09,133.591,134.211,133.109,134.16,1279700,0.0,0.0
2021-07-12,134.564,136.141,133.936,135.813,1021800,0.0,0.0
2021-07-13,135.745,136.089,133.496,133.927,774000,0.0,0.0
2021-07-14,133.841,135.874,133.608,135.538,733700,0.0,0.0
2021-07-15,135.994,136.52,134.452,135.305,624100,0.0,0.0
2021-07-16,135.555,136.744,135.03,135.503,738700,0.0,0.0
2021-07-19,135.676,136.589,133.591,134.642,1557500,0.0,0.0
2021-07-20,134.9,135.917,134.582,135.228,958600,0.0,0.0
2021-07-21,134.883,134.9,132.997,133.229,922900,0.0,0.0
2021-07-22,132.842,133.402,132.067,132.626,805600,0.0,0.0
2021-07-23,132.489,133.583,131.55,133.384,737500,0.0,0.0
2021-07-26,132.876,133.031,131.653,132.454,974100,0.0,0.0
2021-07-27,132.454,134.151,131.653,133.832,814500,0.0,0.0
2021-07-28,133.772,133.789,132.101,132.782,765300,0.0,0.0
2021-07-29,133.229,133.41,129.026,129.62,1613800,0.0,0.0
2021-07-30,133.066,135.822,132.11,132.782,1819400,0.0,0.0
2021-08-02,132.945,134.892,131.782,133.281,862300,0.0,0.0
2021-08-03,133.307,134.84,132.618,133.634,1073300,0.0,0.0
2021-08-04,133.927,135.331,132.945,134.306,828400,0.0,0.0
2021-08-05,134.711,134.9,132.721,134.332,1107600,0.0,0.0
2021-08-06,134.194,136.046,133.953,135.297,758900,0.0,0.0
2021-08-09,134.987,136.132,134.556,135.805,1477100,0.0,0.0
2021-08-10,135.701,135.874,132.85,132.962,895500,0.0,0.0
2021-08-11,133.204,135.193,132.928,134.763,752800,0.0,0.0
2021-08-12,134.84,136.132,133.651,135.676,868100,0.0,0.0
2021-08-13,136.227,137.105,135.779,137.036,477200,0.0,0.0
2021-08-16,136.856,139.276,136.253,139.018,1011200,0.0,0.0
2021-08-17,138.776,139.853,137.82,139.207,815000,0.0,0.0
2021-08-18,138.845,139.379,136.856,137.51,1273700,0.0,0.0
2021-08-19,138.122,140.921,137.459,140.309,1136400,0.0,0.0
2021-08-20,140.094,141.472,139.345,140.197,1007500,0.0,0.0
2021-08-23,139.689,140.732,139.018,139.612,1215400,0.0,0.0
2021-08-24,139.698,139.784,137.812,139.173,949400,0.0,0.0
2021-08-25,138.397,138.716,135.297,136.632,1244800,0.0,0.0
2021-08-26,136.347,137.407,135.693,136.83,791100,0.0,0.0
2021-08-27,137.467,138.199,136.735,137.906,904600,0.0,0.0
2021-08-30,137.898,139.922,137.243,139.896,1133300,0.0,0.0
2021-08-31,139.913,141.395,138.673,141.179,1272700,0.0,0.0
2021-09-01,141.602,143.695,140.757,143.496,1169100,0.0,0.0
2021-09-02,143.841,144.763,141.929,144.702,1109300,0.0,0.0
2021-09-03,144.099,144.961,142.971,144.358,1296200,0.0,0.0
2021-09-07,143.781,143.781,141.49,143.324,1343800,0.0,0.0
2021-09-08,142.756,144.961,142.558,143.1,1400300,0.0,0.0
2021-09-09,137.071,138.199,135.882,135.986,5111700,0.0,0.0
2021-09-10,136.235,136.933,133.669,133.824,2428000,0.0,0.0
2021-09-13,134.418,135.064,132.299,133.255,1617900,0.0,0.0
2021-09-14,133.533,134.297,132.986,133.828,1077300,1.16,0.0
2021-09-15,133.776,136.041,133.455,135.399,1695700,0.0,0.0
2021-09-16,135.399,136.041,133.654,135.737,968000,0.0,0.0
2021-09-17,134.566,137.108,134.566,136.076,2601700,0.0,0.0
2021-09-20,135.564,136.883,134.418,136.518,1447600,0.0,0.0
2021-09-21,136.57,137.681,135.859,136.388,1785900,0.0,0.0
2021-09-22,136.831,138.931,136.596,138.445,1789400,0.0,0.0
2021-09-23,138.679,138.853,133.611,134.236,1523600,0.0,0.0
2021-09-24,133.95,134.522,132.006,132.535,1083700,0.0,0.0
2021-09-27,131.849,132.683,128.092,128.248,1514600,0.0,0.0
2021-09-28,127.371,127.58,124.108,126.781,2709000,0.0,0.0
2021-09-29,126.894,128.612,126.894,127.363,1128000,0.0,0.0
2021-09-30,127.805,128.126,125.289,125.358,995500,0.0,0.0
2021-10-01,126.2,127.068,125.011,125.887,889900,0.0,0.0
2021-10-04,125.419,126.738,124.82,126.226,1177400,0.0,0.0
2021-10-05,124.1,125.098,122.364,123.839,1694700,0.0,0.0
2021-10-06,123.631,125.939,122.26,125.922,1449300,0.0,0.0
2021-10-07,126.512,127.371,124.473,124.699,1022800,0.0,0.0
2021-10-08,124.429,124.429,121.722,122.069,1066700,0.0,0.0
2021-10-11,121.73,122.147,121.019,121.262,1065700,0.0,0.0
2021-10-12,121.479,123.44,120.897,123.119,1372400,0.0,0.0
2021-10-13,123.345,125.323,122.781,125.254,1537400,0.0,0.0
2021-10-14,126.382,129.68,126.217,129.263,1631200,0.0,0.0
2021-10-15,129.801,130.166,127.397,128.04,1323900,0.0,0.0
2021-10-18,127.458,128.482,126.799,128.04,1783500,0.0,0.0
2021-10-19,128.066,130.27,127.363,130.096,1699600,0.0,0.0
2021-10-20,130.825,133.88,130.504,132.917,1330500,0.0,0.0
2021-10-21,132.795,134.401,132.197,134.323,980900,0.0,0.0
2021-10-22,134.514,136.336,133.628,136.154,969400,0.0,0.0
2021-10-25,136.171,136.553,134.626,136.006,1087300,0.0,0.0
2021-10-26,136.527,137.36,135.876,136.466,1143000,0.0,0.0
2021-10-27,140.58,140.58,135.919,136.154,1319000,0.0,0.0
2021-10-28,136.536,139.052,136.301,138.931,930500,0.0,0.0
2021-10-29,138.02,139.287,136.258,136.952,1512900,0.0,0.0
2021-11-01,136.675,137.247,134.574,137.178,907800,0.0,0.0
2021-11-02,137.803,138.132,136.353,137.091,847800,0.0,0.0
2021-11-03,137.43,138.566,136.536,137.551,1216000,0.0,0.0
2021-11-04,137.742,138.219,135.355,135.52,1051000,0.0,0.0
2021-11-05,136.084,136.466,133.993,134.921,773500,0.0,0.0
2021-11-08,135.164,135.746,133.55,135.434,862600,0.0,0.0
2021-11-09,135.859,138.428,135.737,136.379,1243900,0.0,0.0
2021-11-10,135.902,137.108,133.672,133.741,855800,0.0,0.0
2021-11-11,133.681,134.201,131.789,133.359,730800,0.0,0.0
2021-11-12,133.663,135.841,133.082,135.659,1062600,0.0,0.0
2021-11-15,137.117,141.092,137.117,139.894,1851200,0.0,0.0
2021-11-16,140.076,140.892,139.287,140.337,1583300,0.0,0.0
2021-11-17,139.79,142.567,139.573,142.42,1325800,0.0,0.0
2021-11-18,142.966,143.452,140.25,142.584,949100,0.0,0.0
2021-11-19,143.6,144.494,142.645,143.695,1550800,0.0,0.0
2021-11-22,142.758,143.617,141.265,141.612,947700,0.0,0.0
2021-11-23,141.743,144.181,141.612,143.287,1249800,0.0,0.0
2021-11-24,143.921,144.711,143.062,144.242,1183900,0.0,0.0
2021-11-26,143.166,146.264,142.324,142.984,1044100,0.0,0.0
2021-11-29,143.964,147.505,141.968,146.481,1400700,0.0,0.0
2021-11-30,145.778,147.375,144.884,145.57,2684700,0.0,0.0
2021-12-01,146.394,146.846,141.205,141.317,1875600,0.0,0.0
2021-12-02,141.769,144.815,141.508,143.799,1281000,0.0,0.0
2021-12-03,143.938,144.719,141.881,143.435,1369300,0.0,0.0
2021-12-06,143.904,144.91,142.367,143.322,1016300,0.0,0.0
2021-12-07,144.268,145.466,143.192,145.292,1350200,0.0,0.0
2021-12-08,145.014,146.229,143.86,145.891,1046000,0.0,0.0
2021-12-09,146.056,146.056,143.027,144.337,1121300,0.0,0.0
2021-12-10,144.659,146.056,143.6,145.014,1179000,0.0,0.0
2021-12-13,144.971,149.631,144.711,148.763,1561800,0.0,0.0
2021-12-14,148.536,148.536,144.508,146.125,1237600,1.16,0.0
2021-12-15,146.57,148.868,145.338,148.859,1320900,0.0,0.0
2021-12-16,148.982,150.852,148.449,150.275,1138600,0.0,0.0
2021-12-17,150.572,152.59,148.973,149.882,2835900,0.0,0.0
2021-12-20,148.781,150.991,148.248,149.541,1041700,0.0,0.0
2021-12-21,150.319,151.481,147.916,148.431,1194500,0.0,0.0
2021-12-22,148.894,149.768,147.697,149.768,1285400,0.0,0.0
2021-12-23,149.873,149.873,147.496,148.37,943400,0.0,0.0
2021-12-27,149.349,151.673,148.344,151.594,1290000,0.0,0.0
2021-12-28,151.542,152.87,150.607,152.783,1106700,0.0,0.0
2021-12-29,152.966,153.787,152.049,153.132,624300,0.0,0.0
2021-12-30,153.193,154.242,153.062,153.857,622600,0.0,0.0
2021-12-31,154.25,155.718,153.866,154.539,752000,0.0,0.0
2022-01-03,154.53,154.783,150.03,152.984,1000700,0.0,0.0
2022-01-04,152.468,152.905,146.981,147.741,1531600,0.0,0.0
2022-01-05,145.548,146.221,142.263,142.315,1470500,0.0,0.0
2022-01-06,140.961,141.756,137.719,140.498,1709400,0.0,0.0
2022-01-07,139.677,141.739,138.427,140.725,1265700,0.0,0.0
2022-01-10,138.558,140.673,135.544,139.135,1172300,0.0,0.0
2022-01-11,139.056,139.301,136.61,138.951,817300,0.0,0.0
2022-01-12,138.322,140.655,137.955,138.881,1060200,0.0,0.0
2022-01-13,139.109,139.694,137.309,137.719,1004100,0.0,0.0
2022-01-14,135.631,136.741,133.91,136.199,1395600,0.0,0.0
2022-01-18,135.037,136.819,134.067,136.19,1502000,0.0,0.0
2022-01-19,136.793,137.938,135.351,135.369,1113300,0.0,0.0
2022-01-20,135.517,138.051,135.264,135.78,1304200,0.0,0.0
2022-01-21,136.811,137.396,135.238,135.386,1825400,0.0,0.0
2022-01-24,134.705,134.783,131.821,134.478,2383200,0.0,0.0
2022-01-25,133.814,134.958,132.608,133.394,1478800,0.0,0.0
2022-01-26,133.691,134.425,128.615,129.078,1372400,0.0,0.0
2022-01-27,129.856,131.14,126.212,126.92,1275100,0.0,0.0
2022-01-28,127.392,130.196,125.644,130.083,1948300,0.0,0.0
2022-01-31,130.231,131.35,129.209,130.389,2902000,0.0,0.0
2022-02-01,130.572,130.572,128.091,129.087,1984900,0.0,0.0
2022-02-02,129.279,131.0,129.095,130.389,1816300,0.0,0.0
2022-02-03,130.057,130.188,128.117,128.44,1501600,0.0,0.0
2022-02-04,127.339,128.44,126.317,126.832,1320600,0.0,0.0
2022-02-07,126.946,128.335,126.771,127.61,1812400,0.0,0.0
2022-02-08,127.348,127.374,125.382,125.452,1408900,0.0,0.0
2022-02-09,126.929,128.851,126.71,128.37,1563700,0.0,0.0
2022-02-10,125.967,126.658,121.957,122.507,1393000,0.0,0.0
2022-02-11,122.839,123.005,118.672,119.082,3829600,0.0,0.0
2022-02-14,119.292,119.956,118.182,118.951,1939300,0.0,0.0
2022-02-15,120.795,121.223,118.864,119.292,1494800,0.0,0.0
2022-02-16,118.986,119.318,117.055,117.606,3146000,0.0,0.0
2022-02-17,117.658,121.538,117.614,120.367,3676800,0.0,0.0
2022-02-18,118.471,118.96,114.565,118.13,3174400,0.0,0.0
2022-02-22,118.628,120.804,117.256,118.829,1980500,0.0,0.0
2022-02-23,119.283,120.996,115.29,115.535,2768300,0.0,0.0
2022-02-24,114.058,117.623,113.674,117.379,3425100,0.0,0.0
2022-02-25,117.955,120.795,117.099,120.489,1678900,0.0,0.0
2022-02-28,119.161,120.035,116.382,117.885,2864900,0.0,0.0
2022-03-01,118.908,119.301,116.47,117.186,1694800,0.0,0.0
2022-03-02,117.588,118.768,116.356,118.226,1774700,0.0,0.0
2022-03-03,118.899,120.559,117.632,119.912,1129000,0.0,0.0
2022-03-04,119.004,122.14,118.951,121.66,1521000,0.0,0.0
2022-03-07,121.38,121.861,118.715,118.934,1187800,0.0,0.0
2022-03-08,118.016,119.388,115.832,116.636,1530100,0.0,0.0
2022-03-09,118.663,119.808,117.667,118.348,952600,0.0,0.0
2022-03-10,116.61,118.506,115.509,118.209,1145000,0.0,0.0
2022-03-11,118.846,119.441,117.85,118.549,1412400,0.0,0.0
2022-03-14,119.025,119.228,116.125,116.901,2045600,1.22,0.0
2022-03-15,117.774,119.272,117.015,119.158,1302900,0.0,0.0
2022-03-16,120.286,121.15,118.091,119.969,1183400,0.0,0.0
2022-03-17,119.431,122.244,119.431,121.864,966500,0.0,0.0
2022-03-18,121.856,123.161,121.582,122.543,2515200,0.0,0.0
2022-03-21,122.094,123.936,120.26,120.948,902900,0.0,0.0
2022-03-22,121.327,122.746,120.639,122.041,1659600,0.0,0.0
2022-03-23,121.67,122.244,120.101,120.48,934700,0.0,0.0
2022-03-24,120.33,121.38,120.216,121.362,686500,0.0,0.0
2022-03-25,122.05,122.173,120.771,121.873,819200,0.0,0.0
2022-03-28,122.499,124.43,122.147,124.219,1093400,0.0,0.0
2022-03-29,125.206,128.265,125.153,127.587,1467300,0.0,0.0
2022-03-30,126.846,127.833,126.061,127.102,868700,0.0,0.0
2022-03-31,127.666,128.133,124.986,125.021,1919100,0.0,0.0
2022-04-01,125.567,128.733,125.303,128.636,965200,0.0,0.0
2022-04-04,128.539,129.376,126.546,129.209,1390600,0.0,0.0
2022-04-05,128.38,130.84,128.133,129.085,931800,0.0,0.0
2022-04-06,128.803,131.589,128.018,131.431,1083300,0.0,0.0
2022-04-07,130.919,131.342,128.962,130.637,1222400,0.0,0.0
2022-04-08,130.584,132.374,130.09,132.233,1168400,0.0,0.0
2022-04-11,132.559,132.85,127.93,128.257,987400,0.0,0.0
2022-04-12,127.472,128.847,126.872,128.301,1419200,0.0,0.0
2022-04-13,127.86,130.769,127.86,129.738,1195900,0.0,0.0
2022-04-14,129.826,130.232,127.551,127.86,1366300,0.0,0.0
2022-04-18,127.869,128.503,127.022,127.877,1024000,0.0,0.0
2022-04-19,128.301,133.035,128.301,132.559,1476000,0.0,0.0
2022-04-20,132.594,135.336,131.924,134.605,1453100,0.0,0.0
2022-04-21,134.816,134.878,132.409,132.55,1601700,0.0,0.0
2022-04-22,132.577,133.696,131.536,132.039,1606900,0.0,0.0
2022-04-25,132.251,133.882,130.99,133.626,2210600,0.0,0.0
2022-04-26,133.194,133.979,131.854,131.907,1722200,0.0,0.0
2022-04-27,132.162,133.82,130.522,130.699,1771500,0.0,0.0
2022-04-28,131.475,133.838,129.112,133.573,1937400,0.0,0.0
2022-04-29,133.467,134.666,128.212,128.83,2383100,0.0,0.0
2022-05-02,128.512,129.059,121.961,124.562,1758600,0.0,0.0
2022-05-03,125.135,126.969,123.69,125.426,1479600,0.0,0.0
2022-05-04,124.853,127.825,123.584,127.542,1299500,0.0,0.0
2022-05-05,127.269,127.745,123.531,124.633,1323200,0.0,0.0
2022-05-06,123.372,125.065,122.446,124.386,1081300,0.0,0.0
2022-05-09,123.055,123.266,117.112,117.597,1349000,0.0,0.0
2022-05-10,118.655,119.519,110.315,111.619,2305400,0.0,0.0
2022-05-11,112.325,114.846,111.91,111.972,1716800,0.0,0.0
2022-05-12,111.611,112.307,110.306,112.069,1480000,0.0,0.0
2022-05-13,113.303,116.107,111.796,115.666,2289500,0.0,0.0
2022-05-16,115.384,116.028,112.916,113.215,1527300,0.0,0.0
2022-05-17,114.3,114.353,112.14,113.427,1476300,0.0,0.0
2022-05-18,112.986,113.295,110.024,110.464,1360000,0.0,0.0
2022-05-19,109.662,113.965,109.636,112.563,1501600,0.0,0.0
2022-05-20,113.78,116.001,112.413,115.587,1570200,0.0,0.0
2022-05-23,117.2,117.782,115.516,117.721,1201700,0.0,0.0
2022-05-24,117.5,120.63,116.354,120.463,1337600,0.0,0.0
2022-05-25,119.634,121.9,118.893,121.538,1263400,0.0,0.0
2022-05-26,122.103,123.443,120.383,120.604,1343000,0.0,0.0
2022-05-27,120.895,124.994,120.886,124.765,971700,0.0,0.0
2022-05-31,123.187,123.681,121.38,123.072,1735000,0.0,0.0
2022-06-01,123.09,123.275,120.665,121.177,1314800,0.0,0.0
2022-06-02,120.41,122.014,118.47,121.997,1562600,0.0,0.0
2022-06-03,120.674,121.23,118.311,118.576,1329500,0.0,0.0
2022-06-06,118.585,119.854,118.364,118.946,1357400,0.0,0.0
2022-06-07,118.505,119.299,116.469,119.255,1263800,0.0,0.0
2022-06-08,118.646,119.264,116.548,117.13,1147400,0.0,0.0
2022-06-09,116.998,120.348,116.548,117.456,1398700,0.0,0.0
2022-06-10,115.834,116.945,113.894,115.816,1637600,0.0,0.0
2022-06-13,113.436,114.388,111.452,112.131,1912500,0.0,0.0
2022-06-14,112.692,112.923,110.484,110.893,3037900,1.22,0.0
2022-06-15,112.692,116.235,112.166,114.775,2065800,0.0,0.0
2022-06-16,112.095,113.306,110.938,111.552,1543900,0.0,0.0
2022-06-17,111.917,114.285,111.917,113.217,2339500,0.0,0.0
2022-06-21,114.303,115.629,113.893,114.071,1652500,0.0,0.0
2022-06-22,113.333,119.199,113.181,117.766,1802500,0.0,0.0
2022-06-23,118.656,121.807,118.434,121.638,1566200,0.0,0.0
2022-06-24,122.199,123.721,120.971,123.561,1319600,0.0,0.0
2022-06-27,122.876,123.864,122.057,122.181,997500,0.0,0.0
2022-06-28,122.395,122.947,119.377,119.787,978500,0.0,0.0
2022-06-29,117.232,117.392,110.386,113.413,4161500,0.0,0.0
2022-06-30,114.971,117.775,114.107,115.576,3313900,0.0,0.0
2022-07-01,115.576,118.807,115.255,117.134,1512500,0.0,0.0
2022-07-05,115.959,116.012,111.641,114.445,2172100,0.0,0.0
2022-07-06,115.336,116.849,114.054,114.303,1115400,0.0,0.0
2022-07-07,114.223,115.255,113.617,114.33,857200,0.0,0.0
2022-07-08,113.511,113.911,112.051,112.46,953800,0.0,0.0
2022-07-11,111.837,113.217,110.689,112.807,813800,0.0,0.0
2022-07-12,112.478,112.905,109.977,110.698,920300,0.0,0.0
2022-07-13,108.917,110.822,108.436,109.371,958900,0.0,0.0
2022-07-14,107.706,108.935,107.404,107.742,1180700,0.0,0.0
2022-07-15,109.202,109.638,107.021,107.698,1378100,0.0,0.0
2022-07-18,108.125,108.285,106.496,106.816,1258000,0.0,0.0
2022-07-19,107.751,110.101,106.79,110.057,1961500,0.0,0.0
2022-07-20,110.021,111.935,109.425,109.781,1197400,0.0,0.0
2022-07-21,109.941,111.543,109.06,111.365,1705200,0.0,0.0
2022-07-22,112.175,113.804,111.49,113.431,1383600,0.0,0.0
2022-07-25,113.048,115.247,112.033,113.163,1687800,0.0,0.0
2022-07-26,113.235,114.712,112.763,113.511,1176000,0.0,0.0
2022-07-27,113.511,115.309,113.368,115.024,2012600,0.0,0.0
2022-07-28,116.537,122.929,115.834,121.896,2219000,0.0,0.0
2022-07-29,121.87,121.87,116.867,117.908,3406200,0.0,0.0
2022-08-01,117.321,117.73,115.754,116.208,1295000,0.0,0.0
2022-08-02,116.048,118.344,114.979,115.077,2302500,0.0,0.0
2022-08-03,115.727,116.769,114.997,115.175,1720700,0.0,0.0
2022-08-04,115.416,115.665,114.445,115.229,1416900,0.0,0.0
2022-08-05,114.232,115.407,113.537,115.255,1122100,0.0,0.0
2022-08-08,116.6,118.086,115.896,116.6,1472100,0.0,0.0
2022-08-09,116.546,117.089,115.487,115.887,1265900,0.0,0.0
2022-08-10,117.552,118.514,116.742,117.953,1673600,0.0,0.0
2022-08-11,118.603,118.62,114.579,114.864,951600,0.0,0.0
2022-08-12,115.781,117.169,115.433,116.991,1200500,0.0,0.0
2022-08-15,116.84,119.324,116.831,118.487,1057000,0.0,0.0
2022-08-16,117.606,120.356,117.169,119.76,933800,0.0,0.0
2022-08-17,118.852,119.457,117.57,117.695,1270100,0.0,0.0
2022-08-18,117.677,117.819,115.496,116.662,1125200,0.0,0.0
2022-08-19,116.849,117.454,115.291,116.039,1061500,0.0,0.0
2022-08-22,115.54,116.083,112.629,112.718,1183200,0.0,0.0
2022-08-23,112.433,112.433,109.816,111.454,1729900,0.0,0.0
2022-08-24,111.267,113.582,110.902,111.846,1209600,0.0,0.0
2022-08-25,112.692,114.445,111.917,114.383,938000,0.0,0.0
2022-08-26,114.543,114.837,111.428,111.517,1212900,0.0,0.0
2022-08-29,111.16,111.757,109.95,110.359,801500,0.0,0.0
2022-08-30,110.386,111.303,109.451,110.217,1004800,0.0,0.0
2022-08-31,111.143,112.353,110.003,110.057,1814400,0.0,0.0
2022-09-01,109.273,109.638,107.341,108.606,1208300,0.0,0.0
2022-09-02,109.674,110.395,105.063,105.294,1565400,0.0,0.0
2022-09-06,105.517,106.798,104.653,106.202,1367000,0.0,0.0
2022-09-07,106.647,108.819,106.247,108.552,1153100,0.0,0.0
2022-09-08,108.027,109.709,107.858,109.193,1026900,0.0,0.0
2022-09-09,109.433,111.169,108.855,110.787,1020800,0.0,0.0
2022-09-12,111.018,113.021,111.009,112.834,1354800,0.0,0.0
2022-09-13,110.386,110.804,106.603,106.976,1676000,0.0,0.0
2022-09-14,105.843,106.464,103.784,104.395,1417100,1.22,0.0
2022-09-15,104.287,104.566,100.627,100.627,1971400,0.0,0.0
2022-09-16,101.284,101.284,99.827,100.798,3752500,0.0,0.0
2022-09-19,99.881,100.591,98.739,99.962,2441700,0.0,0.0
2022-09-20,99.116,100.213,98.001,98.703,2499700,0.0,0.0
2022-09-21,99.17,100.636,97.803,97.839,2198000,0.0,0.0
2022-09-22,96.949,97.363,95.465,96.598,2999600,0.0,0.0
2022-09-23,95.015,95.42,91.895,92.938,3348700,0.0,0.0
2022-09-26,92.497,93.235,90.222,91.535,2157100,0.0,0.0
2022-09-27,92.254,93.163,87.713,87.893,2320300,0.0,0.0
2022-09-28,88.324,90.042,86.786,89.727,2423800,0.0,0.0
2022-09-29,88.423,88.936,86.409,87.155,2385700,0.0,0.0
2022-09-30,88.333,89.556,87.245,89.197,3053000,0.0,0.0
2022-10-03,90.213,91.148,88.891,90.339,2256600,0.0,0.0
2022-10-04,91.256,92.974,90.851,91.922,2010300,0.0,0.0
2022-10-05,90.465,91.067,88.351,89.035,2072800,0.0,0.0
2022-10-06,88.639,89.053,84.142,84.898,3140600,0.0,0.0
2022-10-07,83.917,85.248,82.793,83.144,2572400,0.0,0.0
2022-10-10,83.567,84.097,80.437,80.653,1781300,0.0,0.0
2022-10-11,80.365,82.469,79.628,80.986,3022100,0.0,0.0
2022-10-12,80.698,82.065,80.068,80.239,2383200,0.0,0.0
2022-10-13,78.018,83.747,77.127,82.829,3057400,0.0,0.0
2022-10-14,83.747,84.664,81.246,81.696,2646500,0.0,0.0
2022-10-17,83.567,85.869,82.946,85.572,2991300,0.0,0.0
2022-10-18,86.786,88.468,86.076,87.092,2922800,0.0,0.0
2022-10-19,85.509,86.786,84.547,85.626,3127000,0.0,0.0
2022-10-20,85.842,87.407,85.293,85.509,2081700,0.0,0.0
2022-10-21,85.491,87.119,84.223,87.11,1763700,0.0,0.0
2022-10-24,87.919,88.963,86.328,87.632,2599200,0.0,0.0
2022-10-25,88.369,91.58,88.153,91.328,2796300,0.0,0.0
2022-10-26,90.833,91.94,89.88,90.177,2587300,0.0,0.0
2022-10-27,91.652,91.652,88.63,89.853,3087000,0.0,0.0
2022-10-28,89.394,91.346,88.9,91.184,1782200,0.0,0.0
2022-10-31,90.123,90.824,89.511,90.159,2400200,0.0,0.0
2022-11-01,91.553,92.056,86.858,87.119,3877000,0.0,0.0
2022-11-02,86.822,88.36,84.691,84.745,3506100,0.0,0.0
2022-11-03,83.603,86.076,83.018,85.392,2499800,0.0,0.0
2022-11-04,86.274,87.551,85.275,87.029,1847800,0.0,0.0
2022-11-07,87.578,88.108,86.849,87.434,1480400,0.0,0.0
2022-11-08,87.758,89.97,87.254,88.54,1956200,0.0,0.0
2022-11-09,88.468,89.026,87.146,87.317,1605300,0.0,0.0
2022-11-10,91.13,98.001,91.013,97.659,2886600,0.0,0.0
2022-11-11,97.551,101.859,97.479,100.348,2804400,0.0,0.0
2022-11-14,99.701,99.701,96.499,96.607,1723700,0.0,0.0
2022-11-15,98.334,100.789,98.127,100.609,2038500,0.0,0.0
2022-11-16,100.357,100.834,98.784,98.793,1699400,0.0,0.0
2022-11-17,97.057,98.757,96.985,98.289,1983200,0.0,0.0
2022-11-18,99.836,100.151,98.289,99.341,1244800,0.0,0.0
2022-11-21,98.837,99.692,97.713,99.458,1571700,0.0,0.0
2022-11-22,99.656,99.656,97.408,98.478,1799300,0.0,0.0
2022-11-23,98.226,99.89,98.199,99.818,1207300,0.0,0.0
2022-11-25,100.16,100.969,99.458,100.07,431800,0.0,0.0
2022-11-28,98.927,99.737,96.31,96.661,1818200,0.0,0.0
2022-11-29,96.805,98.028,96.508,97.803,1422100,0.0,0.0
2022-11-30,97.345,101.356,96.688,101.14,2598100,0.0,0.0
2022-12-01,101.832,103.298,99.764,100.456,1564400,0.0,0.0
2022-12-02,99.008,100.052,97.821,99.692,1610600,0.0,0.0
2022-12-05,99.044,99.719,97.623,98.172,1475000,0.0,0.0
2022-12-06,98.487,98.613,96.661,97.174,1199100,0.0,0.0
2022-12-07,96.94,98.918,96.697,97.848,1352200,0.0,0.0
2022-12-08,98.028,99.521,96.086,96.517,2221300,0.0,0.0
2022-12-09,95.996,97.893,95.447,96.193,1294000,0.0,0.0
2022-12-12,96.292,97.47,95.798,97.426,1953800,0.0,0.0
2022-12-13,101.149,102.057,98.172,99.908,2243300,0.0,0.0
2022-12-14,97.462,99.389,95.025,95.152,4600700,1.22,0.0
2022-12-15,93.806,95.507,93.479,94.825,2626900,0.0,0.0
2022-12-16,93.188,93.497,90.032,92.333,5083600,0.0,0.0
2022-12-19,91.842,92.115,89.778,90.378,2022400,0.0,0.0
2022-12-20,89.723,91.16,88.959,89.787,2170600,0.0,0.0
2022-12-21,89.823,92.779,89.751,91.342,1623400,0.0,0.0
2022-12-22,90.423,91.542,89.187,90.805,1957300,0.0,0.0
2022-12-23,90.223,92.142,89.741,91.724,833600,0.0,0.0
2022-12-27,91.615,91.878,89.769,91.251,1124700,0.0,0.0
2022-12-28,91.633,92.069,90.142,90.387,2197800,0.0,0.0
2022-12-29,91.105,92.879,90.387,92.115,1149100,0.0,0.0
2022-12-30,91.269,92.042,89.932,91.178,1200300,0.0,0.0
2023-01-03,92.297,93.97,91.587,93.506,2410100,0.0,0.0
2023-01-04,91.478,96.179,90.678,94.252,2492500,0.0,0.0
2023-01-05,93.024,93.024,89.032,89.187,2218100,0.0,0.0
2023-01-06,89.532,92.769,88.25,92.188,2015500,0.0,0.0
2023-01-09,92.224,93.306,91.424,91.969,2859100,0.0,0.0
2023-01-10,91.806,93.106,90.951,93.042,1448300,0.0,0.0
2023-01-11,93.788,95.888,93.624,95.507,1857000,0.0,0.0
2023-01-12,96.134,97.743,94.434,97.553,1547000,0.0,0.0
2023-01-13,96.189,97.343,95.597,96.389,1056000,0.0,0.0
2023-01-17,96.461,97.725,95.507,97.162,1801700,0.0,0.0
2023-01-18,97.162,97.671,95.134,95.879,1834000,0.0,0.0
2023-01-19,95.579,96.743,94.67,95.443,1901800,0.0,0.0
2023-01-20,95.534,97.562,94.024,97.062,1636300,0.0,0.0
2023-01-23,96.989,98.444,96.434,97.498,1214500,0.0,0.0
2023-01-24,96.78,99.162,96.634,97.298,1668300,0.0,0.0
2023-01-25,96.689,97.643,94.879,97.471,1636000,0.0,0.0
2023-01-26,98.135,99.444,97.916,99.398,1365100,0.0,0.0
2023-01-27,99.335,101.726,99.117,101.217,1663000,0.0,0.0
2023-01-30,100.09,102.026,100.035,100.963,2074200,0.0,0.0
2023-01-31,100.708,104.409,100.708,104.227,4887400,0.0,0.0
2023-02-01,104.118,106.264,102.126,105.618,2309000,0.0,0.0
2023-02-02,107.091,111.329,106.91,109.046,2962900,0.0,0.0
2023-02-03,106.537,107.682,103.518,104.763,2045200,0.0,0.0
2023-02-06,102.718,104.182,101.963,104.027,1145800,0.0,0.0
2023-02-07,103.145,104.081,101.945,103.19,1725600,0.0,0.0
2023-02-08,102.845,103.363,101.635,102.399,1541800,0.0,0.0
2023-02-09,103.154,103.827,101.008,101.208,1013800,0.0,0.0
2023-02-10,100.026,101.654,99.308,101.354,1554000,0.0,0.0
2023-02-13,101.726,102.863,101.399,102.727,1195100,0.0,0.0
2023-02-14,102.163,103.227,100.708,102.599,1471000,0.0,0.0
2023-02-15,102.19,103.354,101.363,103.327,1425200,0.0,0.0
2023-02-16,101.226,103.563,100.135,102.645,1484100,0.0,0.0
2023-02-17,102.899,102.945,97.953,100.717,3369700,0.0,0.0
2023-02-21,100.017,100.381,97.007,98.58,2382800,0.0,0.0
2023-02-22,98.762,99.271,96.507,96.971,1781600,0.0,0.0
2023-02-23,97.944,98.962,97.434,98.898,1201900,0.0,0.0
2023-02-24,97.616,98.316,95.116,95.516,1203200,0.0,0.0
2023-02-27,96.898,97.525,94.497,95.37,1481900,0.0,0.0
2023-02-28,95.27,96.798,94.506,94.779,2178200,0.0,0.0
2023-03-01,93.924,94.115,90.951,91.687,2351800,0.0,0.0
2023-03-02,90.878,94.115,89.896,93.752,2259800,0.0,0.0
2023-03-03,94.424,97.071,94.279,96.389,2673800,0.0,0.0
2023-03-06,97.171,97.171,95.361,95.77,1447300,0.0,0.0
2023-03-07,96.043,96.389,93.515,93.615,1571100,0.0,0.0
2023-03-08,93.661,97.034,93.661,96.198,1546300,0.0,0.0
2023-03-09,96.389,96.871,94.634,94.915,1867500,0.0,0.0
2023-03-10,94.743,95.788,92.724,93.242,2405000,0.0,0.0
2023-03-13,92.769,98.235,92.451,96.325,2979900,0.0,0.0
2023-03-14,97.778,98.643,96.187,97.236,2170100,1.22,0.0
2023-03-15,95.819,98.34,95.368,96.831,3288600,0.0,0.0
2023-03-16,96.371,96.684,93.409,94.835,4055000,0.0,0.0
2023-03-17,92.654,93.528,90.87,92.636,5200600,0.0,0.0
2023-03-20,92.351,93.758,91.385,93.519,2229700,0.0,0.0
2023-03-21,93.51,93.694,87.917,89.996,4285700,0.0,0.0
2023-03-22,89.536,89.536,84.67,84.9,2592100,0.0,0.0
2023-03-23,85.019,88.174,84.486,86.022,2573400,0.0,0.0
2023-03-24,85.856,86.887,84.568,86.813,2618800,0.0,0.0
2023-03-27,85.911,87.19,85.58,86.473,2121300,0.0,0.0
2023-03-28,85.681,86.887,83.51,84.099,3015400,0.0,0.0
2023-03-29,85.516,86.059,83.455,85.001,4373300,0.0,0.0
2023-03-30,86.243,87.273,85.258,85.985,3786900,0.0,0.0
2023-03-31,86.371,90.585,86.371,90.437,3935000,0.0,0.0
2023-04-03,90.152,90.263,85.654,85.847,4271700,0.0,0.0
2023-04-04,85.672,86.04,84.44,85.35,3137800,0.0,0.0
2023-04-05,85.001,85.378,82.655,82.986,4402500,0.0,0.0
2023-04-06,82.793,83.685,81.33,83.648,2686100,0.0,0.0
2023-04-10,82.563,85.442,82.075,85.212,3841600,0.0,0.0
2023-04-11,85.378,87.42,84.642,86.325,2628300,0.0,0.0
2023-04-12,87.466,87.981,85.13,85.369,2362400,0.0,0.0
2023-04-13,85.663,86.003,83.924,84.568,1939200,0.0,0.0
2023-04-14,84.67,85.102,81.054,82.591,2709600,0.0,0.0
2023-04-17,83.253,88.57,83.253,88.496,3832300,0.0,0.0
2023-04-18,88.386,90.253,87.576,89.757,4471100,0.0,0.0
2023-04-19,89.232,90.336,88.542,88.782,2401200,0.0,0.0
2023-04-20,87.889,88.184,85.746,86.703,2245900,0.0,0.0
2023-04-21,86.749,88.947,86.509,88.901,1827300,0.0,0.0
2023-04-24,89.288,90.244,88.892,89.683,1981100,0.0,0.0
2023-04-25,89.481,90.649,89.104,89.821,1576000,0.0,0.0
2023-04-26,90.033,91.753,89.518,89.849,2777900,0.0,0.0
2023-04-27,89.959,94.255,89.959,93.602,3860100,0.0,0.0
2023-04-28,92.756,93.17,87.696,91.21,3889900,0.0,0.0
2023-05-01,90.75,91.035,88.846,89.168,2289800,0.0,0.0
2023-05-02,89.168,89.95,85.81,87.163,2534100,0.0,0.0
2023-05-03,87.88,88.791,86.73,87.199,1246500,0.0,0.0
2023-05-04,87.255,89.794,86.923,88.202,2317600,0.0,0.0
2023-05-05,88.883,89.002,87.061,88.699,2142800,0.0,0.0
2023-05-08,87.622,90.106,87.622,89.573,1564600,0.0,0.0
2023-05-09,88.782,89.251,87.291,88.874,2121000,0.0,0.0
2023-05-10,89.876,91.486,89.334,90.953,2030800,0.0,0.0
2023-05-11,90.437,91.146,89.628,89.941,2082800,0.0,0.0
2023-05-12,89.849,90.539,87.935,89.324,1448100,0.0,0.0
2023-05-15,89.665,90.732,88.956,90.502,1406100,0.0,0.0
2023-05-16,90.318,90.502,86.095,86.105,1539100,0.0,0.0
2023-05-17,86.077,88.874,85.746,87.963,1615300,0.0,0.0
2023-05-18,87.393,88.064,85.534,86.657,2439100,0.0,0.0
2023-05-19,85.323,86.353,83.308,83.483,3962200,0.0,0.0
2023-05-22,83.529,84.458,81.827,84.182,3322600,0.0,0.0
2023-05-23,84.173,85.507,82.793,83.188,2100800,0.0,0.0
2023-05-24,82.885,82.995,79.417,79.564,2504700,0.0,0.0
2023-05-25,82.057,85.681,81.763,84.835,4977600,0.0,0.0
2023-05-26,86.813,92.13,86.749,90.971,6252100,0.0,0.0
2023-05-30,94.476,95.939,91.983,92.544,5907500,0.0,0.0
2023-05-31,92.59,94.577,91.67,94.255,7580000,0.0,0.0
2023-06-01,94.034,97.401,94.034,96.389,4746900,0.0,0.0
2023-06-02,98.183,98.634,95.745,96.868,4131900,0.0,0.0
2023-06-05,97.024,97.622,94.982,96.426,2336100,0.0,0.0
2023-06-06,99.112,100.133,95.672,96.904,3980200,0.0,0.0
2023-06-07,97.19,97.291,92.268,95.322,3646400,0.0,0.0
2023-06-08,94.936,96.251,92.71,96.141,2221400,0.0,0.0
2023-06-09,96.5,97.935,95.322,95.902,1809600,0.0,0.0
2023-06-12,95.911,97.429,94.844,96.914,1885400,0.0,0.0
2023-06-13,97.778,98.625,94.476,96.573,3630300,0.0,0.0
2023-06-14,96.88,99.421,96.88,98.184,2911000,1.22,0.0
2023-06-15,97.83,98.863,97.309,98.09,2433100,0.0,0.0
2023-06-16,98.267,99.682,97.755,97.895,4570800,0.0,0.0
2023-06-20,96.955,98.183,95.847,97.634,1868100,0.0,0.0
2023-06-21,97.523,97.579,95.438,97.113,2440000,0.0,0.0
2023-06-22,98.77,99.514,96.006,98.165,5027900,0.0,0.0
2023-06-23,97.867,98.23,96.043,96.936,8097900,0.0,0.0
2023-06-26,96.806,100.129,96.62,99.775,2477100,0.0,0.0
2023-06-27,100.417,101.897,99.775,101.469,3855000,0.0,0.0
2023-06-28,101.46,102.335,100.65,102.0,3539900,0.0,0.0
2023-06-29,101.637,104.168,101.153,104.131,2783000,0.0,0.0
2023-06-30,105.546,106.504,104.55,105.983,4068100,0.0,0.0
2023-07-03,105.871,107.519,105.024,107.249,1568800,0.0,0.0
2023-07-05,107.016,108.208,106.16,107.314,3057900,0.0,0.0
2023-07-06,105.462,106.895,104.596,106.56,2248100,0.0,0.0
2023-07-07,106.104,106.988,105.527,105.918,2007700,0.0,0.0
2023-07-10,105.853,106.681,105.359,106.113,1974800,0.0,0.0
2023-07-11,106.867,109.166,106.234,108.356,2653400,0.0,0.0
2023-07-12,109.976,110.246,109.082,109.594,2831900,0.0,0.0
2023-07-13,110.181,110.339,108.589,110.097,1935900,0.0,0.0
2023-07-14,109.371,110.441,108.999,110.088,2027400,0.0,0.0
2023-07-17,109.827,110.916,108.989,110.022,1986700,0.0,0.0
2023-07-18,110.209,110.395,107.612,109.185,3427400,0.0,0.0
2023-07-19,109.864,113.634,109.864,112.777,2569500,0.0,0.0
2023-07-20,111.968,112.154,109.622,110.534,3009300,0.0,0.0
2023-07-21,110.869,112.694,110.488,111.828,2933200,0.0,0.0
2023-07-24,112.405,114.676,111.921,114.592,2668500,0.0,0.0
2023-07-25,113.848,114.062,112.238,112.266,2114400,0.0,0.0
2023-07-26,112.712,112.815,109.501,110.423,3455800,0.0,0.0
2023-07-27,111.558,111.754,106.979,107.174,3397900,0.0,0.0
2023-07-28,114.685,118.018,113.131,114.276,5273000,0.0,0.0
2023-07-31,114.276,116.472,112.107,115.989,5427800,0.0,0.0
2023-08-01,115.449,116.37,113.969,114.844,2689700,0.0,0.0
2023-08-02,113.978,116.091,113.811,114.816,2360900,0.0,0.0
2023-08-03,113.569,113.829,110.255,112.48,3072900,0.0,0.0
2023-08-04,112.638,114.63,111.53,111.651,1969900,0.0,0.0
2023-08-07,111.903,113.271,111.54,112.517,1791500,0.0,0.0
2023-08-08,111.577,111.856,109.753,110.86,1980300,0.0,0.0
2023-08-09,110.413,111.67,109.939,111.046,1714000,0.0,0.0
2023-08-10,111.875,113.82,111.4,112.396,1185000,0.0,0.0
2023-08-11,111.251,112.135,110.758,111.996,1190500,0.0,0.0
2023-08-14,111.549,113.913,111.046,113.066,1841800,0.0,0.0
2023-08-15,112.107,114.164,111.875,113.206,1469600,0.0,0.0
2023-08-16,113.531,114.062,112.638,112.759,2425200,0.0,0.0
2023-08-17,112.833,114.62,112.787,113.41,2608500,0.0,0.0
2023-08-18,112.135,113.531,111.698,112.936,1372800,0.0,0.0
2023-08-21,112.936,113.829,111.111,112.582,1511800,0.0,0.0
2023-08-22,113.792,115.802,113.261,115.151,2439500,0.0,0.0
2023-08-23,115.812,117.366,115.16,117.059,2128800,0.0,0.0
2023-08-24,117.924,121.88,117.748,118.632,3407300,0.0,0.0
2023-08-25,117.413,118.39,116.137,117.226,1865800,0.0,0.0
2023-08-28,117.831,118.92,116.984,118.343,1636600,0.0,0.0
2023-08-29,118.371,121.396,117.636,121.34,1529100,0.0,0.0
2023-08-30,120.847,122.829,120.847,122.541,1617500,0.0,0.0
2023-08-31,122.56,123.09,121.88,122.597,2004500,0.0,0.0
2023-09-01,123.434,124.151,122.057,122.96,1248300,0.0,0.0
2023-09-05,122.839,122.904,120.847,121.647,2268800,0.0,0.0
2023-09-06,120.949,122.318,120.121,120.977,1513800,0.0,0.0
2023-09-07,120.856,123.034,120.577,122.671,1768300,0.0,0.0
2023-09-08,122.848,123.016,120.903,120.977,1462000,0.0,0.0
2023-09-11,121.759,122.271,120.679,122.029,1684200,0.0,0.0
2023-09-12,121.582,122.764,121.433,121.861,1546600,0.0,0.0
2023-09-13,121.657,121.982,118.706,119.33,2822100,0.0,0.0
2023-09-14,120.777,122.017,120.589,120.73,2176200,1.22,0.0
2023-09-15,120.504,121.886,119.762,120.984,5884300,0.0,0.0
2023-09-18,120.702,121.886,119.377,120.326,2111100,0.0,0.0
2023-09-19,119.847,120.909,118.992,119.33,1673100,0.0,0.0
2023-09-20,121.228,121.914,120.091,120.345,1689300,0.0,0.0
2023-09-21,119.029,119.142,116.351,116.464,2016400,0.0,0.0
2023-09-22,116.896,118.804,115.477,115.806,2019000,0.0,0.0
2023-09-25,115.43,116.483,115.026,116.144,1218100,0.0,0.0
2023-09-26,115.233,115.252,112.31,112.583,1721900,0.0,0.0
2023-09-27,113.184,113.316,109.397,109.792,3216500,0.0,0.0
2023-09-28,109.473,111.549,109.379,111.39,2261800,0.0,0.0
2023-09-29,114.631,115.75,112.724,113.72,2266100,0.0,0.0
2023-10-02,113.09,114.199,109.708,111.089,2210700,0.0,0.0
2023-10-03,110.29,111.061,107.762,108.204,2668200,0.0,0.0
2023-10-04,109.078,110.591,107.734,110.469,1935900,0.0,0.0
2023-10-05,110.469,110.816,108.768,110.6,1552800,0.0,0.0
2023-10-06,109.2,111.098,107.593,110.29,1738000,0.0,0.0
2023-10-09,109.228,112.235,108.589,111.869,1409400,0.0,0.0
2023-10-10,111.361,114.942,111.361,113.184,1706300,0.0,0.0
2023-10-11,114.631,116.981,114.453,116.915,2226700,0.0,0.0
2023-10-12,116.915,118.005,115.721,116.934,2268600,0.0,0.0
2023-10-13,117.272,118.277,114.547,115.205,1472100,0.0,0.0
2023-10-16,116.032,117.159,114.735,116.257,1112100,0.0,0.0
2023-10-17,115.129,116.812,114.058,115.853,1485100,0.0,0.0
2023-10-18,114.528,115.054,113.222,113.288,1189400,0.0,0.0
2023-10-19,112.649,113.109,108.599,108.665,2238100,0.0,0.0
2023-10-20,108.674,110.375,108.176,108.824,1559300,0.0,0.0
2023-10-23,108.035,111.718,107.067,110.347,2282500,0.0,0.0
2023-10-24,110.694,113.137,110.534,112.263,2216500,0.0,0.0
2023-10-25,111.437,112.357,109.172,109.905,2110900,0.0,0.0
2023-10-26,110.365,114.603,109.689,113.635,3289500,0.0,0.0
2023-10-27,114.209,118.879,112.893,114.97,3383600,0.0,0.0
2023-10-30,116.257,117.732,114.058,114.716,1876400,0.0,0.0
2023-10-31,115.75,117.234,114.434,116.858,1821700,0.0,0.0
2023-11-01,116.924,118.898,115.975,118.841,1748400,0.0,0.0
2023-11-02,120.73,123.746,120.382,122.384,2169500,0.0,0.0
2023-11-03,124.62,127.477,124.132,124.912,2339400,0.0,0.0
2023-11-06,124.329,124.338,120.035,121.679,1959300,0.0,0.0
2023-11-07,121.688,121.698,120.204,120.26,1708800,0.0,0.0
2023-11-08,120.241,121.125,119.593,120.702,965000,0.0,0.0
2023-11-09,120.993,121.688,119.471,119.912,944800,0.0,0.0
2023-11-10,120.523,121.378,118.606,120.984,1571000,0.0,0.0
2023-11-13,120.166,121.068,119.217,119.95,869300,0.0,0.0
2023-11-14,124.197,127.298,123.389,126.199,2123700,0.0,0.0
2023-11-15,126.02,127.9,125.729,126.481,1726500,0.0,0.0
2023-11-16,127.092,128.313,126.246,126.998,1458800,0.0,0.0
2023-11-17,127.825,127.843,125.579,126.415,1542700,0.0,0.0
2023-11-20,126.105,127.731,125.043,127.646,1319300,0.0,0.0
2023-11-21,127.543,128.962,127.11,127.994,1238800,0.0,0.0
2023-11-22,129.272,129.676,128.003,128.576,1397000,0.0,0.0
2023-11-24,127.825,128.736,127.308,128.266,585900,0.0,0.0
2023-11-27,128.576,129.554,127.975,129.159,1303700,0.0,0.0
2023-11-28,128.529,129.413,128.266,128.642,1826100,0.0,0.0
2023-11-29,129.666,130.55,128.924,129.864,1878700,0.0,0.0
2023-11-30,129.525,130.615,128.614,130.409,4633400,0.0,0.0
2023-12-01,129.037,130.944,127.608,130.249,2457300,0.0,0.0
2023-12-04,129.375,129.751,127.759,129.46,2163800,0.0,0.0
2023-12-05,129.262,130.568,128.727,130.315,1787300,0.0,0.0
2023-12-06,130.202,130.803,127.139,127.308,2497300,0.0,0.0
2023-12-07,127.223,127.599,125.588,125.945,2913800,0.0,0.0
2023-12-08,128.097,128.971,124.893,126.678,2857400,0.0,0.0
2023-12-11,125.917,126.772,124.573,126.622,2053900,0.0,0.0
2023-12-12,126.556,127.467,125.522,126.829,2572000,0.0,0.0
2023-12-13,126.857,129.713,126.011,128.426,2564800,0.0,0.0
2023-12-14,130.294,130.777,124.927,126.037,2746400,1.22,0.0
2023-12-15,124.795,127.468,123.979,125.316,5289700,0.0,0.0
2023-12-18,125.629,127.516,125.079,125.458,2117700,0.0,0.0
2023-12-19,126.103,128.265,125.951,127.563,2072200,0.0,0.0
2023-12-20,127.174,128.085,125.8,125.856,1613400,0.0,0.0
2023-12-21,127.174,127.99,126.018,127.914,1237200,0.0,0.0
2023-12-22,128.341,129.033,127.203,128.113,1094200,0.0,0.0
2023-12-26,128.179,128.739,127.933,128.549,1218200,0.0,0.0
2023-12-27,128.445,129.365,128.227,129.052,975700,0.0,0.0
2023-12-28,129.042,129.374,128.227,129.061,944600,0.0,0.0
2023-12-29,127.838,128.947,127.497,127.601,1499500,0.0,0.0
2024-01-02,127.051,128.473,126.843,128.217,1300000,0.0,0.0
2024-01-03,127.25,127.592,125.458,126.587,1680800,0.0,0.0
2024-01-04,126.198,127.174,124.747,124.946,1470900,0.0,0.0
2024-01-05,124.093,126.018,123.259,124.046,1444100,0.0,0.0
2024-01-08,123.704,127.118,123.524,126.767,1250900,0.0,0.0
2024-01-09,125.695,126.937,124.804,126.691,875600,0.0,0.0
2024-01-10,127.051,129.858,126.368,129.45,1492500,0.0,0.0
2024-01-11,129.014,129.886,126.994,127.051,982300,0.0,0.0
2024-01-12,128.597,131.1,128.293,129.971,1631800,0.0,0.0
2024-01-16,129.839,132.607,129.839,131.488,2537800,0.0,0.0
2024-01-17,129.829,131.356,126.871,128.53,1782700,0.0,0.0
2024-01-18,128.701,129.611,126.956,127.563,1542700,0.0,0.0
2024-01-19,128.075,130.616,127.554,130.218,1791300,0.0,0.0
2024-01-22,131.384,135.281,131.384,133.29,2385200,0.0,0.0
2024-01-23,133.66,133.925,131.176,131.811,1423600,0.0,0.0
2024-01-24,133.337,133.337,130.398,130.777,1541800,0.0,0.0
2024-01-25,132.74,135.869,132.617,134.816,2152400,0.0,0.0
2024-01-26,135.461,137.12,134.693,135.774,1917100,0.0,0.0
2024-01-29,135.423,138.609,135.423,138.4,2229600,0.0,0.0
2024-01-30,137.955,138.381,136.57,136.741,3044700,0.0,0.0
2024-01-31,137.481,137.481,132.806,133.176,2892100,0.0,0.0
2024-02-01,132.892,136.495,132.209,136.39,2550600,0.0,0.0
2024-02-02,135.234,137.86,132.93,136.997,2052600,0.0,0.0
2024-02-05,135.537,137.585,135.196,136.817,2042300,0.0,0.0
2024-02-06,136.665,138.618,135.945,136.779,1789400,0.0,0.0
2024-02-07,137.538,138.211,135.878,137.926,1341600,0.0,0.0
2024-02-08,137.32,140.325,137.32,139.434,1840200,0.0,0.0
2024-02-09,139.225,140.268,137.993,139.557,1223300,0.0,0.0
2024-02-12,139.927,140.41,136.125,136.343,2127400,0.0,0.0
2024-02-13,133.356,134.892,132.152,134.797,1995100,0.0,0.0
2024-02-14,134.513,135.518,133.309,134.854,1645700,0.0,0.0
2024-02-15,135.603,141.34,135.603,140.904,3125900,0.0,0.0
2024-02-16,132.74,133.555,127.762,129.156,6572700,0.0,0.0
2024-02-20,128.957,130.436,126.918,128.056,3411400,0.0,0.0
2024-02-21,127.364,129.896,124.605,128.502,3219300,0.0,0.0
2024-02-22,132.74,134.674,129.896,131.204,3440200,0.0,0.0
2024-02-23,131.27,131.65,129.014,130.692,2086400,0.0,0.0
2024-02-26,130.161,132.882,129.526,130.806,2033900,0.0,0.0
2024-02-27,130.844,132.332,130.104,131.062,1495900,0.0,0.0
2024-02-28,130.379,136.296,130.189,135.328,2446900,0.0,0.0
2024-02-29,136.94,139.405,136.542,139.197,4098000,0.0,0.0
2024-03-01,138.931,142.847,138.6,142.79,2290700,0.0,0.0
2024-03-04,143.018,146.014,142.487,145.739,2098500,0.0,0.0
2024-03-05,145.066,146.185,141.16,142.458,1719300,0.0,0.0
2024-03-06,144.194,144.535,141.065,142.041,2287500,0.0,0.0
2024-03-07,142.989,144.146,142.278,143.653,1577800,0.0,0.0
2024-03-08,144.63,145.398,141.69,141.728,2253800,0.0,0.0
2024-03-11,141.359,141.501,136.485,137.955,2166800,0.0,0.0
2024-03-12,136.95,139.292,136.201,138.647,1676800,0.0,0.0
2024-03-13,137.926,140.325,136.258,136.466,1904700,0.0,0.0
2024-03-14,135.787,136.82,133.827,136.562,1917200,1.22,0.0
2024-03-15,135.223,137.078,133.636,134.697,2996000,0.0,0.0
2024-03-18,136.084,138.13,135.768,135.988,1501200,0.0,0.0
2024-03-19,135.864,135.902,132.88,135.539,2006100,0.0,0.0
2024-03-20,133.684,135.558,132.02,134.726,2433300,0.0,0.0
2024-03-21,135.462,136.313,133.731,133.884,2238200,0.0,0.0
2024-03-22,133.846,134.296,131.675,132.45,1812700,0.0,0.0
2024-03-25,132.307,132.804,130.757,131.8,1746400,0.0,0.0
2024-03-26,131.962,134.085,131.465,132.957,1748900,0.0,0.0
2024-03-27,134.353,137.595,133.406,137.451,2268600,0.0,0.0
2024-03-28,137.585,138.178,136.485,137.738,2034700,0.0,0.0
2024-04-01,137.719,138.264,134.994,135.701,1535700,0.0,0.0
2024-04-02,133.856,134.621,132.192,133.684,1707500,0.0,0.0
2024-04-03,134.573,135.778,133.454,134.477,1428900,0.0,0.0
2024-04-04,135.883,136.504,133.196,133.76,1178300,0.0,0.0
2024-04-05,133.664,136.906,133.167,136.361,1139500,0.0,0.0
2024-04-08,136.887,137.403,136.141,137.069,1152500,0.0,0.0
2024-04-09,140.416,140.75,137.728,139.498,1102900,0.0,0.0
2024-04-10,135.5,136.151,133.617,135.214,1385800,0.0,0.0
2024-04-11,136.342,137.451,134.831,136.963,1105400,0.0,0.0
2024-04-12,136.265,137.222,135.166,136.256,1315400,0.0,0.0
2024-04-15,137.126,137.174,131.331,132.498,1659000,0.0,0.0
2024-04-16,132.45,132.45,129.61,130.461,2051500,0.0,0.0
2024-04-17,130.719,131.761,129.706,129.811,1965300,0.0,0.0
2024-04-18,130.337,132.899,129.763,130.681,1498500,0.0,0.0
2024-04-19,131.398,131.895,130.356,130.843,1505200,0.0,0.0
2024-04-22,131.628,132.106,129.801,129.916,1518400,0.0,0.0
2024-04-23,130.537,132.813,129.782,132.469,1320400,0.0,0.0
2024-04-24,131.742,134.707,131.618,134.458,1614900,0.0,0.0
2024-04-25,132.469,135.739,131.169,135.3,1887100,0.0,0.0
2024-04-26,136.103,137.537,135.242,136.581,1798100,0.0,0.0
2024-04-29,138.245,138.522,135.108,136.112,1913600,0.0,0.0
2024-04-30,134.85,136.055,132.622,132.708,2001800,0.0,0.0
2024-05-01,133.416,134.994,131.914,131.953,1639700,0.0,0.0
2024-05-02,133.272,134.802,131.274,134.018,2030300,0.0,0.0
2024-05-03,140.808,145.684,139.297,140.568,3309700,0.0,0.0
2024-05-06,141.114,141.525,136.227,137.48,1907400,0.0,0.0
2024-05-07,138.178,139.067,137.48,138.302,1274000,0.0,0.0
2024-05-08,134.209,135.787,134.037,134.114,6521600,0.0,0.0
2024-05-09,135.309,137.881,134.869,137.26,10657100,0.0,0.0
2024-05-10,137.107,137.91,133.511,135.271,2950700,0.0,0.0
2024-05-13,135.988,136.916,134.343,136.83,1722300,0.0,0.0
2024-05-14,137.155,137.614,135.08,135.653,1758200,0.0,0.0
2024-05-15,138.694,138.962,136.198,138.312,2563300,0.0,0.0
2024-05-16,138.312,139.813,136.897,138.599,1748000,0.0,0.0
2024-05-17,139.077,139.115,137.25,137.537,1556000,0.0,0.0
2024-05-20,137.26,138.895,136.17,137.078,993900,0.0,0.0
2024-05-21,136.743,138.235,136.265,137.948,1148600,0.0,0.0
2024-05-22,137.671,137.69,135.921,136.887,1512900,0.0,0.0
2024-05-23,137.7,138.484,135.682,136.026,2249200,0.0,0.0
2024-05-24,136.715,136.83,134.927,136.524,1122200,0.0,0.0
2024-05-28,137.575,137.738,136.514,137.48,1191300,0.0,0.0
2024-05-29,136.198,136.629,134.133,135.242,1340100,0.0,0.0
2024-05-30,136.61,138.293,135.739,137.738,1235300,0.0,0.0
2024-05-31,138.589,139.268,136.667,138.981,3657100,0.0,0.0
2024-06-03,138.991,139.287,136.227,136.782,1196200,0.0,0.0
2024-06-04,136.677,139.66,135.73,138.771,1403900,0.0,0.0
2024-06-05,139.278,140.932,138.35,140.913,1047100,0.0,0.0
2024-06-06,140.855,141.056,139.784,140.683,807400,0.0,0.0
2024-06-07,138.914,140.769,138.427,139.947,1070100,0.0,0.0
2024-06-10,139.851,142.921,139.0,142.567,1506800,0.0,0.0
2024-06-11,142.376,143.925,141.936,143.322,1337600,0.0,0.0
2024-06-12,146.277,146.325,142.548,143.045,1748200,0.0,0.0
2024-06-13,144.087,144.537,142.883,143.208,1496300,0.0,0.0
2024-06-14,143.757,145.435,143.246,144.538,1000400,1.22,0.0
2024-06-17,143.709,145.146,143.169,143.661,1192200,0.0,0.0
2024-06-18,144.953,145.714,144.018,144.191,1095700,0.0,0.0
2024-06-20,143.921,145.203,142.398,142.581,1315000,0.0,0.0
2024-06-21,142.909,143.169,140.672,143.025,3587900,0.0,0.0
2024-06-24,143.391,145.512,141.569,141.733,1502600,0.0,0.0
2024-06-25,141.684,142.176,140.074,141.183,1209200,0.0,0.0
2024-06-26,142.205,143.092,140.691,141.617,1748600,0.0,0.0
2024-06-27,142.273,144.895,141.636,143.381,1660900,0.0,0.0
2024-06-28,145.03,147.749,144.856,146.592,3406300,0.0,0.0
2024-07-01,146.495,147.44,145.203,146.669,1483900,0.0,0.0
2024-07-02,146.717,148.26,146.466,147.421,1162800,0.0,0.0
2024-07-03,147.874,148.53,146.254,146.264,879700,0.0,0.0
2024-07-05,146.351,147.035,144.953,146.004,1261800,0.0,0.0
2024-07-08,146.052,148.462,145.994,148.144,1149400,0.0,0.0
2024-07-09,148.231,148.597,146.168,147.797,1080400,0.0,0.0
2024-07-10,148.472,150.188,147.758,150.043,1459700,0.0,0.0
2024-07-11,152.039,154.7,151.374,152.068,1678200,0.0,0.0
2024-07-12,152.858,153.842,152.376,152.666,1284100,0.0,0.0
2024-07-15,153.225,153.967,151.885,153.774,943300,0.0,0.0
2024-07-16,154.632,156.744,153.553,156.503,1192900,0.0,0.0
2024-07-17,155.452,156.503,150.573,151.2,2012300,0.0,0.0
2024-07-18,150.757,151.576,148.693,149.05,1414600,0.0,0.0
2024-07-19,150.072,150.381,148.674,149.6,1168800,0.0,0.0
2024-07-22,149.754,151.056,148.568,149.976,1347900,0.0,0.0
2024-07-23,149.609,151.104,149.311,149.523,1128300,0.0,0.0
2024-07-24,149.195,150.024,146.052,146.216,1568100,0.0,0.0
2024-07-25,146.206,146.409,140.894,142.08,2489900,0.0,0.0
2024-07-26,137.732,141.145,135.938,140.421,3204900,0.0,0.0
2024-07-29,140.402,142.205,139.38,141.906,1628400,0.0,0.0
2024-07-30,142.195,142.263,138.889,139.833,1699600,0.0,0.0
2024-07-31,142.224,145.57,141.636,144.124,3344100,0.0,0.0
2024-08-01,144.866,147.691,144.866,146.823,2019900,0.0,0.0
2024-08-02,146.302,147.411,142.918,145.425,1642300,0.0,0.0
2024-08-05,142.224,144.741,139.004,139.284,2320900,0.0,0.0
2024-08-06,139.679,145.338,138.898,143.295,1378800,0.0,0.0
2024-08-07,143.719,146.38,141.588,141.858,1210800,0.0,0.0
2024-08-08,142.157,144.586,142.022,144.288,1160700,0.0,0.0
2024-08-09,144.577,145.348,143.054,144.731,803400,0.0,0.0
2024-08-12,144.403,144.837,141.81,143.41,1105800,0.0,0.0
2024-08-13,144.606,145.078,143.728,144.201,1435800,0.0,0.0
2024-08-14,144.471,147.353,144.21,145.753,1227700,0.0,0.0
2024-08-15,145.695,146.447,143.352,144.48,1504700,0.0,0.0
2024-08-16,144.037,145.165,143.42,144.23,1257800,0.0,0.0
2024-08-19,143.883,145.29,142.735,143.285,1400900,0.0,0.0
2024-08-20,143.429,143.969,142.6,143.748,1041000,0.0,0.0
2024-08-21,143.709,144.972,143.314,144.384,1480100,0.0,0.0
2024-08-22,144.654,145.83,144.066,145.281,874900,0.0,0.0
2024-08-23,145.753,147.257,144.789,146.717,1604200,0.0,0.0
2024-08-26,147.411,147.99,144.635,145.184,925400,0.0,0.0
2024-08-27,143.786,145.714,143.468,145.203,1076900,0.0,0.0
2024-08-28,145.203,146.158,143.912,144.721,1096400,0.0,0.0
2024-08-29,144.365,145.435,143.343,144.133,1148100,0.0,0.0
2024-08-30,144.962,146.64,143.95,146.168,3050900,0.0,0.0
2024-09-03,144.962,145.551,143.786,144.413,1605400,0.0,0.0
2024-09-04,144.75,145.068,142.012,143.738,1233800,0.0,0.0
2024-09-05,143.748,144.692,142.832,144.529,1299600,0.0,0.0
2024-09-06,144.606,144.615,141.926,142.899,1741700,0.0,0.0
2024-09-09,142.716,144.278,142.398,143.979,1499800,0.0,0.0
2024-09-10,144.721,151.47,144.644,151.133,1794700,0.0,0.0
2024-09-11,149.821,153.138,148.992,152.733,1922800,0.0,0.0
2024-09-12,152.791,154.758,152.01,154.729,1372300,0.0,0.0
2024-09-13,155.875,156.244,153.777,154.398,1467000,1.22,0.0
2024-09-16,154.913,156.788,154.214,156.283,1467700,0.0,0.0
2024-09-17,156.157,157.002,152.708,153.087,1824700,0.0,0.0
2024-09-18,153.369,155.341,152.096,153.738,1515300,0.0,0.0
2024-09-19,155.438,155.768,152.961,154.369,1803200,0.0,0.0
2024-09-20,152.893,155.768,152.669,154.175,7232200,0.0,0.0
2024-09-23,155.185,157.294,154.651,156.371,1651600,0.0,0.0
2024-09-24,156.031,158.654,155.36,157.507,1680100,0.0,0.0
2024-09-25,158.518,160.461,157.604,158.255,1675400,0.0,0.0
2024-09-26,160.295,160.295,156.643,157.439,1459500,0.0,0.0
2024-09-27,158.586,158.586,156.497,156.565,1549200,0.0,0.0
2024-09-30,155.72,157.507,154.923,157.216,2220700,0.0,0.0
2024-10-01,158.207,158.207,154.544,155.7,1346000,0.0,0.0
2024-10-02,154.156,155.613,153.699,155.049,1361100,0.0,0.0
2024-10-03,155.467,155.914,152.494,152.815,1199200,0.0,0.0
2024-10-04,152.805,153.34,151.163,152.523,1120600,0.0,0.0
2024-10-07,151.358,152.242,150.736,152.009,988200,0.0,0.0
2024-10-08,152.65,154.194,151.27,153.767,953800,0.0,0.0
2024-10-09,153.981,154.768,153.019,154.593,822600,0.0,0.0
2024-10-10,153.845,155.593,153.718,154.321,881100,0.0,0.0
2024-10-11,154.515,156.215,154.33,156.147,1346200,0.0,0.0
2024-10-14,156.477,158.236,155.749,157.362,1371800,0.0,0.0
2024-10-15,158.42,159.907,156.254,156.613,2637000,0.0,0.0
2024-10-16,156.409,158.032,155.953,157.507,1307600,0.0,0.0
2024-10-17,156.905,159.567,156.205,159.023,1178400,0.0,0.0
2024-10-18,159.334,160.927,158.809,160.665,986000,0.0,0.0
2024-10-21,159.751,160.878,158.76,160.49,1891300,0.0,0.0
2024-10-22,159.917,161.549,159.45,160.538,1540300,0.0,0.0
2024-10-23,160.393,161.821,160.257,161.073,1240700,0.0,0.0
2024-10-24,161.791,161.85,159.81,160.422,1479800,0.0,0.0
2024-10-25,179.201,188.352,175.217,175.849,6093000,0.0,0.0
2024-10-28,176.811,179.89,176.102,178.083,2697800,0.0,0.0
2024-10-29,177.782,180.036,177.19,177.588,2154100,0.0,0.0
2024-10-30,177.986,179.366,175.965,176.976,2079300,0.0,0.0
2024-10-31,175.596,176.519,173.012,173.148,2014100,0.0,0.0
2024-11-01,172.983,174.363,169.971,170.982,1517200,0.0,0.0
2024-11-04,170.923,172.429,170.069,172.264,1270000,0.0,0.0
2024-11-05,172.4,175.956,171.37,175.859,1404000,0.0,0.0
2024-11-06,171.953,173.187,166.367,168.67,4619700,0.0,0.0
2024-11-07,169.136,174.586,168.844,173.381,3991500,0.0,0.0
2024-11-08,174.615,178.122,174.139,176.791,2229700,0.0,0.0
2024-11-11,177.005,179.035,176.578,177.636,2015700,0.0,0.0
2024-11-12,177.782,178.948,175.247,175.635,1936000,0.0,0.0
2024-11-13,176.772,176.84,172.973,173.051,1862800,0.0,0.0
2024-11-14,173.731,173.984,172.313,173.129,2127400,0.0,0.0
2024-11-15,172.439,175.713,171.963,174.547,2998600,0.0,0.0
2024-11-18,174.285,178.248,173.877,178.064,2316400,0.0,0.0
2024-11-19,178.161,182.144,177.296,181.93,1657700,0.0,0.0
2024-11-20,180.25,180.823,178.326,180.609,1433800,0.0,0.0
2024-11-21,181.085,182.805,179.754,182.028,1886100,0.0,0.0
2024-11-22,183.339,185.467,182.98,184.427,2526500,0.0,0.0
2024-11-25,186.04,187.779,185.564,187.322,4657000,0.0,0.0
2024-11-26,187.128,188.77,185.739,188.488,1962600,0.0,0.0
2024-11-27,189.838,190.343,188.488,189.712,1719200,0.0,0.0
2024-11-29,190.343,192.354,189.926,190.11,1492300,0.0,0.0
2024-12-02,189.294,189.809,185.836,186.681,2293500,0.0,0.0
2024-12-03,186.914,187.38,185.272,185.622,1186600,0.0,0.0
2024-12-04,186.623,186.623,184.641,185.399,1506300,0.0,0.0
2024-12-05,184.291,185.68,183.174,185.632,1507500,0.0,0.0
2024-12-06,186.642,187.303,184.787,187.196,2073800,0.0,0.0
2024-12-09,187.963,188.682,181.581,182.805,2309500,0.0,0.0
2024-12-10,182.64,183.29,179.919,180.415,1866000,0.0,0.0
2024-12-11,181.367,183.057,180.862,181.882,1836300,0.0,0.0
2024-12-12,181.552,183.815,181.182,181.794,2061200,0.0,0.0
2024-12-13,182.645,183.203,180.826,180.944,1566800,1.22,0.0
2024-12-16,181.12,183.643,180.807,181.364,1258100,0.0,0.0
2024-12-17,180.318,182.244,179.418,180.905,1508000,0.0,0.0
2024-12-18,180.67,181.169,172.749,173.043,2407500,0.0,0.0
2024-12-19,173.59,176.7,172.407,172.896,2977300,0.0,0.0
2024-12-20,172.896,177.453,171.889,174.617,4801700,0.0,0.0
2024-12-23,174.734,175.155,172.642,174.519,2167100,0.0,0.0
2024-12-24,174.421,176.406,174.011,176.406,683700,0.0,0.0
2024-12-26,175.223,176.005,174.548,175.526,693500,0.0,0.0
2024-12-27,174.275,175.644,173.404,174.196,822900,0.0,0.0
2024-12-30,172.563,173.082,170.598,172.319,1027700,0.0,0.0
